x	y	n	label
6.070510387420654	18.03309440612793	0	categorization, ranked, platform, organically, inference, reasoning, engine, encoding, complex, digital, conversation, graph
15.73206615447998	17.996700286865234	0	categorization, ranked, platform, organically, inference, reasoning, engine, encoding, complex, digital, conversation, graph
-17.33202362060547	8.24482536315918	1	decision, program, product, service, reasoning, recommendation, recognition, tree, interrelationship, engine, cognitive, network
-24.998857498168945	12.40597915649414	1	decision, program, product, service, reasoning, recommendation, recognition, tree, interrelationship, engine, cognitive, network
8.386112213134766	17.600797653198242	0	categorization, ranked, platform, organically, inference, reasoning, engine, encoding, complex, digital, conversation, graph
-19.872127532958984	4.565864086151123	1	decision, program, product, service, reasoning, recommendation, recognition, tree, interrelationship, engine, cognitive, network
-12.229711532592773	-10.648642539978027	1	decision, program, product, service, reasoning, recommendation, recognition, tree, interrelationship, engine, cognitive, network
18.998435974121094	1.8168437480926514	0	categorization, ranked, platform, organically, inference, reasoning, engine, encoding, complex, digital, conversation, graph
-16.234539031982422	-4.562252998352051	1	decision, program, product, service, reasoning, recommendation, recognition, tree, interrelationship, engine, cognitive, network
12.175909042358398	18.045961380004883	0	categorization, ranked, platform, organically, inference, reasoning, engine, encoding, complex, digital, conversation, graph
20.62320327758789	-13.678050994873047	0	categorization, ranked, platform, organically, inference, reasoning, engine, encoding, complex, digital, conversation, graph
-26.061986923217773	9.646499633789062	1	decision, program, product, service, reasoning, recommendation, recognition, tree, interrelationship, engine, cognitive, network
-10.920905113220215	-14.170523643493652	1	decision, program, product, service, reasoning, recommendation, recognition, tree, interrelationship, engine, cognitive, network
9.99524211883545	8.5668306350708	0	categorization, ranked, platform, organically, inference, reasoning, engine, encoding, complex, digital, conversation, graph
-20.15074348449707	4.920976161956787	1	decision, program, product, service, reasoning, recommendation, recognition, tree, interrelationship, engine, cognitive, network
21.923233032226562	-4.30765438079834	0	categorization, ranked, platform, organically, inference, reasoning, engine, encoding, complex, digital, conversation, graph
0.5767504572868347	-29.441301345825195	1	decision, program, product, service, reasoning, recommendation, recognition, tree, interrelationship, engine, cognitive, network
-17.970069885253906	-4.8034348487854	1	decision, program, product, service, reasoning, recommendation, recognition, tree, interrelationship, engine, cognitive, network
-1.7006525993347168	-18.869205474853516	1	decision, program, product, service, reasoning, recommendation, recognition, tree, interrelationship, engine, cognitive, network
-3.379674196243286	-18.751415252685547	1	decision, program, product, service, reasoning, recommendation, recognition, tree, interrelationship, engine, cognitive, network
-21.95139503479004	18.373430252075195	0	categorization, ranked, platform, organically, inference, reasoning, engine, encoding, complex, digital, conversation, graph
19.281526565551758	-15.935335159301758	0	categorization, ranked, platform, organically, inference, reasoning, engine, encoding, complex, digital, conversation, graph
20.481395721435547	-5.720285892486572	0	categorization, ranked, platform, organically, inference, reasoning, engine, encoding, complex, digital, conversation, graph
-10.602023124694824	-12.54530143737793	1	decision, program, product, service, reasoning, recommendation, recognition, tree, interrelationship, engine, cognitive, network
-16.668262481689453	-7.137393474578857	1	decision, program, product, service, reasoning, recommendation, recognition, tree, interrelationship, engine, cognitive, network
1.636431097984314	-30.450124740600586	1	decision, program, product, service, reasoning, recommendation, recognition, tree, interrelationship, engine, cognitive, network
-6.821826934814453	-18.81121063232422	1	decision, program, product, service, reasoning, recommendation, recognition, tree, interrelationship, engine, cognitive, network
-23.106788635253906	13.655740737915039	1	decision, program, product, service, reasoning, recommendation, recognition, tree, interrelationship, engine, cognitive, network
-7.490590572357178	-21.84617042541504	1	decision, program, product, service, reasoning, recommendation, recognition, tree, interrelationship, engine, cognitive, network
-3.922271490097046	-19.218711853027344	1	decision, program, product, service, reasoning, recommendation, recognition, tree, interrelationship, engine, cognitive, network
13.457690238952637	15.325080871582031	0	categorization, ranked, platform, organically, inference, reasoning, engine, encoding, complex, digital, conversation, graph
16.493030548095703	5.448036193847656	0	categorization, ranked, platform, organically, inference, reasoning, engine, encoding, complex, digital, conversation, graph
-2.374976873397827	-29.913070678710938	1	decision, program, product, service, reasoning, recommendation, recognition, tree, interrelationship, engine, cognitive, network
-24.493202209472656	13.868939399719238	1	decision, program, product, service, reasoning, recommendation, recognition, tree, interrelationship, engine, cognitive, network
17.48836326599121	19.623750686645508	0	categorization, ranked, platform, organically, inference, reasoning, engine, encoding, complex, digital, conversation, graph
-24.148540496826172	16.759044647216797	1	decision, program, product, service, reasoning, recommendation, recognition, tree, interrelationship, engine, cognitive, network
-21.75553321838379	4.422967910766602	1	decision, program, product, service, reasoning, recommendation, recognition, tree, interrelationship, engine, cognitive, network
11.819024085998535	14.51379108428955	0	categorization, ranked, platform, organically, inference, reasoning, engine, encoding, complex, digital, conversation, graph
-16.28504753112793	-6.084427833557129	1	decision, program, product, service, reasoning, recommendation, recognition, tree, interrelationship, engine, cognitive, network
20.750492095947266	-3.4641647338867188	0	categorization, ranked, platform, organically, inference, reasoning, engine, encoding, complex, digital, conversation, graph
-4.206371307373047	-28.854280471801758	1	decision, program, product, service, reasoning, recommendation, recognition, tree, interrelationship, engine, cognitive, network
-16.769437789916992	2.0026140213012695	1	decision, program, product, service, reasoning, recommendation, recognition, tree, interrelationship, engine, cognitive, network
6.421620845794678	-14.403606414794922	1	decision, program, product, service, reasoning, recommendation, recognition, tree, interrelationship, engine, cognitive, network
-13.234025001525879	-12.898584365844727	1	decision, program, product, service, reasoning, recommendation, recognition, tree, interrelationship, engine, cognitive, network
-8.779743194580078	-22.1409969329834	1	decision, program, product, service, reasoning, recommendation, recognition, tree, interrelationship, engine, cognitive, network
-10.05587100982666	-13.38615894317627	1	decision, program, product, service, reasoning, recommendation, recognition, tree, interrelationship, engine, cognitive, network
-16.4362850189209	7.422511100769043	1	decision, program, product, service, reasoning, recommendation, recognition, tree, interrelationship, engine, cognitive, network
-2.316739559173584	-32.1533088684082	1	decision, program, product, service, reasoning, recommendation, recognition, tree, interrelationship, engine, cognitive, network
12.173901557922363	-3.0256552696228027	0	categorization, ranked, platform, organically, inference, reasoning, engine, encoding, complex, digital, conversation, graph
-15.097546577453613	6.026604175567627	1	decision, program, product, service, reasoning, recommendation, recognition, tree, interrelationship, engine, cognitive, network
-22.392379760742188	13.068033218383789	1	decision, program, product, service, reasoning, recommendation, recognition, tree, interrelationship, engine, cognitive, network
10.568199157714844	21.127662658691406	0	categorization, ranked, platform, organically, inference, reasoning, engine, encoding, complex, digital, conversation, graph
-22.87533950805664	5.431955814361572	1	decision, program, product, service, reasoning, recommendation, recognition, tree, interrelationship, engine, cognitive, network
10.298356056213379	-13.673693656921387	0	categorization, ranked, platform, organically, inference, reasoning, engine, encoding, complex, digital, conversation, graph
11.42188835144043	-16.40071678161621	0	categorization, ranked, platform, organically, inference, reasoning, engine, encoding, complex, digital, conversation, graph
-11.13304615020752	-18.625905990600586	1	decision, program, product, service, reasoning, recommendation, recognition, tree, interrelationship, engine, cognitive, network
-22.498003005981445	10.385847091674805	1	decision, program, product, service, reasoning, recommendation, recognition, tree, interrelationship, engine, cognitive, network
-15.460578918457031	13.548508644104004	1	decision, program, product, service, reasoning, recommendation, recognition, tree, interrelationship, engine, cognitive, network
22.188756942749023	-3.3771474361419678	0	categorization, ranked, platform, organically, inference, reasoning, engine, encoding, complex, digital, conversation, graph
12.345879554748535	23.573144912719727	0	categorization, ranked, platform, organically, inference, reasoning, engine, encoding, complex, digital, conversation, graph
20.000654220581055	-13.41409969329834	0	categorization, ranked, platform, organically, inference, reasoning, engine, encoding, complex, digital, conversation, graph
-8.880741119384766	-18.53251075744629	1	decision, program, product, service, reasoning, recommendation, recognition, tree, interrelationship, engine, cognitive, network
-23.860313415527344	12.423705101013184	1	decision, program, product, service, reasoning, recommendation, recognition, tree, interrelationship, engine, cognitive, network
-23.09515380859375	8.286721229553223	1	decision, program, product, service, reasoning, recommendation, recognition, tree, interrelationship, engine, cognitive, network
19.271135330200195	8.128837585449219	0	categorization, ranked, platform, organically, inference, reasoning, engine, encoding, complex, digital, conversation, graph
7.273148536682129	27.380435943603516	0	categorization, ranked, platform, organically, inference, reasoning, engine, encoding, complex, digital, conversation, graph
-4.667820930480957	-18.513381958007812	1	decision, program, product, service, reasoning, recommendation, recognition, tree, interrelationship, engine, cognitive, network
18.61374282836914	-19.576671600341797	0	categorization, ranked, platform, organically, inference, reasoning, engine, encoding, complex, digital, conversation, graph
9.57034969329834	9.151504516601562	0	categorization, ranked, platform, organically, inference, reasoning, engine, encoding, complex, digital, conversation, graph
12.477669715881348	16.20319366455078	0	categorization, ranked, platform, organically, inference, reasoning, engine, encoding, complex, digital, conversation, graph
19.33251953125	0.6568928956985474	0	categorization, ranked, platform, organically, inference, reasoning, engine, encoding, complex, digital, conversation, graph
-17.115774154663086	5.180185317993164	1	decision, program, product, service, reasoning, recommendation, recognition, tree, interrelationship, engine, cognitive, network
-18.511735916137695	-4.003848552703857	1	decision, program, product, service, reasoning, recommendation, recognition, tree, interrelationship, engine, cognitive, network
-6.496201992034912	-20.513080596923828	1	decision, program, product, service, reasoning, recommendation, recognition, tree, interrelationship, engine, cognitive, network
17.80864715576172	-12.183724403381348	0	categorization, ranked, platform, organically, inference, reasoning, engine, encoding, complex, digital, conversation, graph
0.8279818892478943	17.961181640625	0	categorization, ranked, platform, organically, inference, reasoning, engine, encoding, complex, digital, conversation, graph
10.665955543518066	-17.01701545715332	1	decision, program, product, service, reasoning, recommendation, recognition, tree, interrelationship, engine, cognitive, network
4.694152355194092	-12.81628704071045	1	decision, program, product, service, reasoning, recommendation, recognition, tree, interrelationship, engine, cognitive, network
19.63433265686035	-14.847489356994629	0	categorization, ranked, platform, organically, inference, reasoning, engine, encoding, complex, digital, conversation, graph
-10.794731140136719	-16.46364402770996	1	decision, program, product, service, reasoning, recommendation, recognition, tree, interrelationship, engine, cognitive, network
-14.901721000671387	10.100844383239746	1	decision, program, product, service, reasoning, recommendation, recognition, tree, interrelationship, engine, cognitive, network
16.543622970581055	14.952827453613281	0	categorization, ranked, platform, organically, inference, reasoning, engine, encoding, complex, digital, conversation, graph
-11.369941711425781	-12.046087265014648	1	decision, program, product, service, reasoning, recommendation, recognition, tree, interrelationship, engine, cognitive, network
1.6935359239578247	20.613616943359375	0	categorization, ranked, platform, organically, inference, reasoning, engine, encoding, complex, digital, conversation, graph
10.96831226348877	-17.5240421295166	1	decision, program, product, service, reasoning, recommendation, recognition, tree, interrelationship, engine, cognitive, network
0.12772497534751892	-31.01674461364746	1	decision, program, product, service, reasoning, recommendation, recognition, tree, interrelationship, engine, cognitive, network
0.6342729926109314	-33.63020324707031	1	decision, program, product, service, reasoning, recommendation, recognition, tree, interrelationship, engine, cognitive, network
-6.153538227081299	-26.701906204223633	1	decision, program, product, service, reasoning, recommendation, recognition, tree, interrelationship, engine, cognitive, network
9.143568992614746	21.22199249267578	0	categorization, ranked, platform, organically, inference, reasoning, engine, encoding, complex, digital, conversation, graph
1.4110567569732666	19.20423126220703	0	categorization, ranked, platform, organically, inference, reasoning, engine, encoding, complex, digital, conversation, graph
11.398724555969238	17.724918365478516	0	categorization, ranked, platform, organically, inference, reasoning, engine, encoding, complex, digital, conversation, graph
19.298805236816406	-17.43526840209961	0	categorization, ranked, platform, organically, inference, reasoning, engine, encoding, complex, digital, conversation, graph
-10.587658882141113	-18.713544845581055	1	decision, program, product, service, reasoning, recommendation, recognition, tree, interrelationship, engine, cognitive, network
-5.903818607330322	-20.257272720336914	1	decision, program, product, service, reasoning, recommendation, recognition, tree, interrelationship, engine, cognitive, network
22.493825912475586	-4.8320112228393555	0	categorization, ranked, platform, organically, inference, reasoning, engine, encoding, complex, digital, conversation, graph
-22.755870819091797	8.945250511169434	1	decision, program, product, service, reasoning, recommendation, recognition, tree, interrelationship, engine, cognitive, network
20.412179946899414	-7.545974254608154	0	categorization, ranked, platform, organically, inference, reasoning, engine, encoding, complex, digital, conversation, graph
4.337088584899902	20.30402946472168	0	categorization, ranked, platform, organically, inference, reasoning, engine, encoding, complex, digital, conversation, graph
17.506296157836914	16.100452423095703	0	categorization, ranked, platform, organically, inference, reasoning, engine, encoding, complex, digital, conversation, graph
-18.742786407470703	12.841179847717285	1	decision, program, product, service, reasoning, recommendation, recognition, tree, interrelationship, engine, cognitive, network
5.012969970703125	18.19381332397461	0	categorization, ranked, platform, organically, inference, reasoning, engine, encoding, complex, digital, conversation, graph
-1.4998912811279297	-31.54775047302246	1	decision, program, product, service, reasoning, recommendation, recognition, tree, interrelationship, engine, cognitive, network
-9.240230560302734	-17.850791931152344	1	decision, program, product, service, reasoning, recommendation, recognition, tree, interrelationship, engine, cognitive, network
-16.487045288085938	4.344293594360352	1	decision, program, product, service, reasoning, recommendation, recognition, tree, interrelationship, engine, cognitive, network
17.671161651611328	2.0102384090423584	0	categorization, ranked, platform, organically, inference, reasoning, engine, encoding, complex, digital, conversation, graph
-23.490436553955078	14.447954177856445	1	decision, program, product, service, reasoning, recommendation, recognition, tree, interrelationship, engine, cognitive, network
1.0401228666305542	20.034744262695312	0	categorization, ranked, platform, organically, inference, reasoning, engine, encoding, complex, digital, conversation, graph
-3.566657304763794	-23.587833404541016	1	decision, program, product, service, reasoning, recommendation, recognition, tree, interrelationship, engine, cognitive, network
7.3513712882995605	-13.870586395263672	1	decision, program, product, service, reasoning, recommendation, recognition, tree, interrelationship, engine, cognitive, network
5.753505706787109	25.407726287841797	0	categorization, ranked, platform, organically, inference, reasoning, engine, encoding, complex, digital, conversation, graph
19.65557861328125	-16.432559967041016	0	categorization, ranked, platform, organically, inference, reasoning, engine, encoding, complex, digital, conversation, graph
1.3045990467071533	-30.475553512573242	1	decision, program, product, service, reasoning, recommendation, recognition, tree, interrelationship, engine, cognitive, network
-2.546544075012207	-31.269731521606445	1	decision, program, product, service, reasoning, recommendation, recognition, tree, interrelationship, engine, cognitive, network
-4.786816120147705	-28.03675079345703	1	decision, program, product, service, reasoning, recommendation, recognition, tree, interrelationship, engine, cognitive, network
2.8903117179870605	22.00591278076172	0	categorization, ranked, platform, organically, inference, reasoning, engine, encoding, complex, digital, conversation, graph
-15.780128479003906	-9.499889373779297	1	decision, program, product, service, reasoning, recommendation, recognition, tree, interrelationship, engine, cognitive, network
16.219316482543945	17.557472229003906	0	categorization, ranked, platform, organically, inference, reasoning, engine, encoding, complex, digital, conversation, graph
2.8601179122924805	20.883031845092773	0	categorization, ranked, platform, organically, inference, reasoning, engine, encoding, complex, digital, conversation, graph
10.502510070800781	9.30589485168457	0	categorization, ranked, platform, organically, inference, reasoning, engine, encoding, complex, digital, conversation, graph
-16.007110595703125	11.846087455749512	1	decision, program, product, service, reasoning, recommendation, recognition, tree, interrelationship, engine, cognitive, network
-23.57636833190918	6.218630790710449	1	decision, program, product, service, reasoning, recommendation, recognition, tree, interrelationship, engine, cognitive, network
18.902904510498047	-16.929067611694336	0	categorization, ranked, platform, organically, inference, reasoning, engine, encoding, complex, digital, conversation, graph
14.709821701049805	23.100971221923828	0	categorization, ranked, platform, organically, inference, reasoning, engine, encoding, complex, digital, conversation, graph
21.627103805541992	-10.956167221069336	0	categorization, ranked, platform, organically, inference, reasoning, engine, encoding, complex, digital, conversation, graph
21.794048309326172	-5.331005096435547	0	categorization, ranked, platform, organically, inference, reasoning, engine, encoding, complex, digital, conversation, graph
6.4223222732543945	25.01430892944336	0	categorization, ranked, platform, organically, inference, reasoning, engine, encoding, complex, digital, conversation, graph
7.536740303039551	20.0120849609375	0	categorization, ranked, platform, organically, inference, reasoning, engine, encoding, complex, digital, conversation, graph
-22.718488693237305	17.858055114746094	1	decision, program, product, service, reasoning, recommendation, recognition, tree, interrelationship, engine, cognitive, network
9.910050392150879	-11.66497802734375	0	categorization, ranked, platform, organically, inference, reasoning, engine, encoding, complex, digital, conversation, graph
-18.307714462280273	-1.9855290651321411	1	decision, program, product, service, reasoning, recommendation, recognition, tree, interrelationship, engine, cognitive, network
-27.988265991210938	8.977950096130371	1	decision, program, product, service, reasoning, recommendation, recognition, tree, interrelationship, engine, cognitive, network
15.487014770507812	25.240589141845703	0	categorization, ranked, platform, organically, inference, reasoning, engine, encoding, complex, digital, conversation, graph
7.6017656326293945	28.733713150024414	0	categorization, ranked, platform, organically, inference, reasoning, engine, encoding, complex, digital, conversation, graph
-18.580137252807617	-6.277318477630615	1	decision, program, product, service, reasoning, recommendation, recognition, tree, interrelationship, engine, cognitive, network
18.781251907348633	8.64680004119873	0	categorization, ranked, platform, organically, inference, reasoning, engine, encoding, complex, digital, conversation, graph
-23.390445709228516	12.517401695251465	1	decision, program, product, service, reasoning, recommendation, recognition, tree, interrelationship, engine, cognitive, network
-4.934131622314453	-22.215473175048828	1	decision, program, product, service, reasoning, recommendation, recognition, tree, interrelationship, engine, cognitive, network
4.641651630401611	-35.248390197753906	1	decision, program, product, service, reasoning, recommendation, recognition, tree, interrelationship, engine, cognitive, network
20.162742614746094	-2.181535482406616	0	categorization, ranked, platform, organically, inference, reasoning, engine, encoding, complex, digital, conversation, graph
19.72297477722168	-4.146942615509033	0	categorization, ranked, platform, organically, inference, reasoning, engine, encoding, complex, digital, conversation, graph
-23.024456024169922	6.969594478607178	1	decision, program, product, service, reasoning, recommendation, recognition, tree, interrelationship, engine, cognitive, network
-21.220827102661133	16.271488189697266	1	decision, program, product, service, reasoning, recommendation, recognition, tree, interrelationship, engine, cognitive, network
-24.61187744140625	8.581987380981445	1	decision, program, product, service, reasoning, recommendation, recognition, tree, interrelationship, engine, cognitive, network
-14.953139305114746	-5.23300313949585	1	decision, program, product, service, reasoning, recommendation, recognition, tree, interrelationship, engine, cognitive, network
14.326140403747559	8.797938346862793	0	categorization, ranked, platform, organically, inference, reasoning, engine, encoding, complex, digital, conversation, graph
-10.139201164245605	-14.848956108093262	1	decision, program, product, service, reasoning, recommendation, recognition, tree, interrelationship, engine, cognitive, network
19.310190200805664	-14.343476295471191	0	categorization, ranked, platform, organically, inference, reasoning, engine, encoding, complex, digital, conversation, graph
11.93925952911377	-2.0871405601501465	0	categorization, ranked, platform, organically, inference, reasoning, engine, encoding, complex, digital, conversation, graph
6.711149215698242	-15.62177562713623	1	decision, program, product, service, reasoning, recommendation, recognition, tree, interrelationship, engine, cognitive, network
19.13473892211914	4.1833577156066895	0	categorization, ranked, platform, organically, inference, reasoning, engine, encoding, complex, digital, conversation, graph
-8.995059967041016	-16.591135025024414	1	decision, program, product, service, reasoning, recommendation, recognition, tree, interrelationship, engine, cognitive, network
6.41557502746582	-16.19208335876465	1	decision, program, product, service, reasoning, recommendation, recognition, tree, interrelationship, engine, cognitive, network
6.095818042755127	-13.515497207641602	1	decision, program, product, service, reasoning, recommendation, recognition, tree, interrelationship, engine, cognitive, network
-20.914180755615234	9.92175579071045	1	decision, program, product, service, reasoning, recommendation, recognition, tree, interrelationship, engine, cognitive, network
19.693058013916016	-17.239532470703125	0	categorization, ranked, platform, organically, inference, reasoning, engine, encoding, complex, digital, conversation, graph
8.086708068847656	20.784555435180664	0	categorization, ranked, platform, organically, inference, reasoning, engine, encoding, complex, digital, conversation, graph
21.092138290405273	-11.37508487701416	0	categorization, ranked, platform, organically, inference, reasoning, engine, encoding, complex, digital, conversation, graph
5.824234962463379	-12.693942070007324	1	decision, program, product, service, reasoning, recommendation, recognition, tree, interrelationship, engine, cognitive, network
-4.464529514312744	-22.61880874633789	1	decision, program, product, service, reasoning, recommendation, recognition, tree, interrelationship, engine, cognitive, network
-15.152717590332031	-3.5563275814056396	1	decision, program, product, service, reasoning, recommendation, recognition, tree, interrelationship, engine, cognitive, network
-7.114996433258057	-23.41761016845703	1	decision, program, product, service, reasoning, recommendation, recognition, tree, interrelationship, engine, cognitive, network
0.5809316039085388	-29.9738712310791	1	decision, program, product, service, reasoning, recommendation, recognition, tree, interrelationship, engine, cognitive, network
14.463190078735352	6.190541744232178	0	categorization, ranked, platform, organically, inference, reasoning, engine, encoding, complex, digital, conversation, graph
-22.21765899658203	16.67198371887207	1	decision, program, product, service, reasoning, recommendation, recognition, tree, interrelationship, engine, cognitive, network
-19.304079055786133	3.9747419357299805	1	decision, program, product, service, reasoning, recommendation, recognition, tree, interrelationship, engine, cognitive, network
18.628538131713867	6.590972423553467	0	categorization, ranked, platform, organically, inference, reasoning, engine, encoding, complex, digital, conversation, graph
-18.366666793823242	11.81885051727295	1	decision, program, product, service, reasoning, recommendation, recognition, tree, interrelationship, engine, cognitive, network
6.381927013397217	17.416248321533203	0	categorization, ranked, platform, organically, inference, reasoning, engine, encoding, complex, digital, conversation, graph
18.994203567504883	5.5286149978637695	0	categorization, ranked, platform, organically, inference, reasoning, engine, encoding, complex, digital, conversation, graph
18.79237174987793	-15.854337692260742	0	categorization, ranked, platform, organically, inference, reasoning, engine, encoding, complex, digital, conversation, graph
-7.247189521789551	8.119353294372559	1	decision, program, product, service, reasoning, recommendation, recognition, tree, interrelationship, engine, cognitive, network
-15.201715469360352	-10.515815734863281	1	decision, program, product, service, reasoning, recommendation, recognition, tree, interrelationship, engine, cognitive, network
22.17908477783203	-7.071407794952393	0	categorization, ranked, platform, organically, inference, reasoning, engine, encoding, complex, digital, conversation, graph
15.796346664428711	9.20393180847168	0	categorization, ranked, platform, organically, inference, reasoning, engine, encoding, complex, digital, conversation, graph
-4.735103130340576	-24.756486892700195	1	decision, program, product, service, reasoning, recommendation, recognition, tree, interrelationship, engine, cognitive, network
-17.126178741455078	-4.6154069900512695	1	decision, program, product, service, reasoning, recommendation, recognition, tree, interrelationship, engine, cognitive, network
18.766704559326172	-17.476428985595703	0	categorization, ranked, platform, organically, inference, reasoning, engine, encoding, complex, digital, conversation, graph
-1.0064343214035034	-29.685773849487305	1	decision, program, product, service, reasoning, recommendation, recognition, tree, interrelationship, engine, cognitive, network
20.434024810791016	-1.1028681993484497	0	categorization, ranked, platform, organically, inference, reasoning, engine, encoding, complex, digital, conversation, graph
13.89613151550293	-18.013500213623047	0	categorization, ranked, platform, organically, inference, reasoning, engine, encoding, complex, digital, conversation, graph
18.09839630126953	13.311718940734863	0	categorization, ranked, platform, organically, inference, reasoning, engine, encoding, complex, digital, conversation, graph
-0.7636274099349976	19.54888916015625	0	categorization, ranked, platform, organically, inference, reasoning, engine, encoding, complex, digital, conversation, graph
12.276829719543457	21.693105697631836	0	categorization, ranked, platform, organically, inference, reasoning, engine, encoding, complex, digital, conversation, graph
-21.634376525878906	1.0225818157196045	1	decision, program, product, service, reasoning, recommendation, recognition, tree, interrelationship, engine, cognitive, network
-15.607672691345215	-2.420656204223633	1	decision, program, product, service, reasoning, recommendation, recognition, tree, interrelationship, engine, cognitive, network
16.847373962402344	13.84941577911377	0	categorization, ranked, platform, organically, inference, reasoning, engine, encoding, complex, digital, conversation, graph
-15.506468772888184	4.810243606567383	1	decision, program, product, service, reasoning, recommendation, recognition, tree, interrelationship, engine, cognitive, network
-9.272273063659668	-14.968034744262695	1	decision, program, product, service, reasoning, recommendation, recognition, tree, interrelationship, engine, cognitive, network
-18.49051284790039	5.087578773498535	1	decision, program, product, service, reasoning, recommendation, recognition, tree, interrelationship, engine, cognitive, network
18.607215881347656	0.32164523005485535	0	categorization, ranked, platform, organically, inference, reasoning, engine, encoding, complex, digital, conversation, graph
15.813432693481445	1.0944981575012207	0	categorization, ranked, platform, organically, inference, reasoning, engine, encoding, complex, digital, conversation, graph
12.103716850280762	19.79195785522461	0	categorization, ranked, platform, organically, inference, reasoning, engine, encoding, complex, digital, conversation, graph
18.53202247619629	-12.87777328491211	0	categorization, ranked, platform, organically, inference, reasoning, engine, encoding, complex, digital, conversation, graph
7.9637346267700195	28.30050277709961	0	categorization, ranked, platform, organically, inference, reasoning, engine, encoding, complex, digital, conversation, graph
10.520339012145996	-15.9082670211792	1	decision, program, product, service, reasoning, recommendation, recognition, tree, interrelationship, engine, cognitive, network
16.50300407409668	25.120075225830078	0	categorization, ranked, platform, organically, inference, reasoning, engine, encoding, complex, digital, conversation, graph
13.23846435546875	22.297821044921875	0	categorization, ranked, platform, organically, inference, reasoning, engine, encoding, complex, digital, conversation, graph
-17.850196838378906	-2.587393045425415	1	decision, program, product, service, reasoning, recommendation, recognition, tree, interrelationship, engine, cognitive, network
-17.198728561401367	-2.212846279144287	1	decision, program, product, service, reasoning, recommendation, recognition, tree, interrelationship, engine, cognitive, network
15.51050090789795	12.87588119506836	0	categorization, ranked, platform, organically, inference, reasoning, engine, encoding, complex, digital, conversation, graph
-0.21441605687141418	-30.458547592163086	1	decision, program, product, service, reasoning, recommendation, recognition, tree, interrelationship, engine, cognitive, network
-23.821815490722656	7.374226093292236	1	decision, program, product, service, reasoning, recommendation, recognition, tree, interrelationship, engine, cognitive, network
-17.63286781311035	-1.302546501159668	1	decision, program, product, service, reasoning, recommendation, recognition, tree, interrelationship, engine, cognitive, network
-19.280372619628906	-1.2726985216140747	1	decision, program, product, service, reasoning, recommendation, recognition, tree, interrelationship, engine, cognitive, network
-15.904974937438965	3.4297549724578857	1	decision, program, product, service, reasoning, recommendation, recognition, tree, interrelationship, engine, cognitive, network
-14.879057884216309	14.218791007995605	0	categorization, ranked, platform, organically, inference, reasoning, engine, encoding, complex, digital, conversation, graph
-15.458196640014648	-3.995833158493042	1	decision, program, product, service, reasoning, recommendation, recognition, tree, interrelationship, engine, cognitive, network
12.740694999694824	0.8198047280311584	0	categorization, ranked, platform, organically, inference, reasoning, engine, encoding, complex, digital, conversation, graph
22.604297637939453	-6.774768352508545	0	categorization, ranked, platform, organically, inference, reasoning, engine, encoding, complex, digital, conversation, graph
13.57562255859375	-14.475001335144043	0	categorization, ranked, platform, organically, inference, reasoning, engine, encoding, complex, digital, conversation, graph
-24.56145668029785	11.320554733276367	1	decision, program, product, service, reasoning, recommendation, recognition, tree, interrelationship, engine, cognitive, network
12.237565994262695	7.52500581741333	0	categorization, ranked, platform, organically, inference, reasoning, engine, encoding, complex, digital, conversation, graph
13.631122589111328	-4.536733627319336	0	categorization, ranked, platform, organically, inference, reasoning, engine, encoding, complex, digital, conversation, graph
11.273996353149414	24.526060104370117	0	categorization, ranked, platform, organically, inference, reasoning, engine, encoding, complex, digital, conversation, graph
-1.3720728158950806	-18.894405364990234	1	decision, program, product, service, reasoning, recommendation, recognition, tree, interrelationship, engine, cognitive, network
22.139862060546875	-6.148499011993408	0	categorization, ranked, platform, organically, inference, reasoning, engine, encoding, complex, digital, conversation, graph
16.573984146118164	1.3730026483535767	0	categorization, ranked, platform, organically, inference, reasoning, engine, encoding, complex, digital, conversation, graph
-22.33287239074707	15.870948791503906	1	decision, program, product, service, reasoning, recommendation, recognition, tree, interrelationship, engine, cognitive, network
17.726974487304688	4.169803142547607	0	categorization, ranked, platform, organically, inference, reasoning, engine, encoding, complex, digital, conversation, graph
9.374702453613281	-15.874129295349121	1	decision, program, product, service, reasoning, recommendation, recognition, tree, interrelationship, engine, cognitive, network
-7.233142375946045	-21.091045379638672	1	decision, program, product, service, reasoning, recommendation, recognition, tree, interrelationship, engine, cognitive, network
-4.020086288452148	8.361449241638184	0	categorization, ranked, platform, organically, inference, reasoning, engine, encoding, complex, digital, conversation, graph
20.56917381286621	-11.590269088745117	0	categorization, ranked, platform, organically, inference, reasoning, engine, encoding, complex, digital, conversation, graph
15.187843322753906	17.50620460510254	0	categorization, ranked, platform, organically, inference, reasoning, engine, encoding, complex, digital, conversation, graph
10.451924324035645	8.999835968017578	0	categorization, ranked, platform, organically, inference, reasoning, engine, encoding, complex, digital, conversation, graph
9.392735481262207	16.41207504272461	0	categorization, ranked, platform, organically, inference, reasoning, engine, encoding, complex, digital, conversation, graph
18.49651336669922	5.944532871246338	0	categorization, ranked, platform, organically, inference, reasoning, engine, encoding, complex, digital, conversation, graph
-0.4074658751487732	-32.9319953918457	1	decision, program, product, service, reasoning, recommendation, recognition, tree, interrelationship, engine, cognitive, network
-28.067630767822266	5.746008396148682	1	decision, program, product, service, reasoning, recommendation, recognition, tree, interrelationship, engine, cognitive, network
-4.308467864990234	-20.454286575317383	1	decision, program, product, service, reasoning, recommendation, recognition, tree, interrelationship, engine, cognitive, network
-22.449565887451172	4.508517265319824	1	decision, program, product, service, reasoning, recommendation, recognition, tree, interrelationship, engine, cognitive, network
-22.900976181030273	12.6314697265625	1	decision, program, product, service, reasoning, recommendation, recognition, tree, interrelationship, engine, cognitive, network
0.6222822666168213	19.14163589477539	0	categorization, ranked, platform, organically, inference, reasoning, engine, encoding, complex, digital, conversation, graph
-5.43436861038208	-23.629058837890625	1	decision, program, product, service, reasoning, recommendation, recognition, tree, interrelationship, engine, cognitive, network
14.525805473327637	-16.311992645263672	0	categorization, ranked, platform, organically, inference, reasoning, engine, encoding, complex, digital, conversation, graph
17.9544734954834	2.8953402042388916	0	categorization, ranked, platform, organically, inference, reasoning, engine, encoding, complex, digital, conversation, graph
4.946887969970703	24.737117767333984	0	categorization, ranked, platform, organically, inference, reasoning, engine, encoding, complex, digital, conversation, graph
16.85454559326172	18.0666446685791	0	categorization, ranked, platform, organically, inference, reasoning, engine, encoding, complex, digital, conversation, graph
-15.992813110351562	-8.416629791259766	1	decision, program, product, service, reasoning, recommendation, recognition, tree, interrelationship, engine, cognitive, network
1.0372734069824219	18.570756912231445	0	categorization, ranked, platform, organically, inference, reasoning, engine, encoding, complex, digital, conversation, graph
18.918827056884766	-0.2567649185657501	0	categorization, ranked, platform, organically, inference, reasoning, engine, encoding, complex, digital, conversation, graph
19.973548889160156	1.2612992525100708	0	categorization, ranked, platform, organically, inference, reasoning, engine, encoding, complex, digital, conversation, graph
19.99066925048828	0.2542858123779297	0	categorization, ranked, platform, organically, inference, reasoning, engine, encoding, complex, digital, conversation, graph
19.24335289001465	-10.161406517028809	0	categorization, ranked, platform, organically, inference, reasoning, engine, encoding, complex, digital, conversation, graph
11.407983779907227	-1.5907392501831055	0	categorization, ranked, platform, organically, inference, reasoning, engine, encoding, complex, digital, conversation, graph
0.3917464017868042	-33.224388122558594	1	decision, program, product, service, reasoning, recommendation, recognition, tree, interrelationship, engine, cognitive, network
11.832206726074219	-3.410748243331909	0	categorization, ranked, platform, organically, inference, reasoning, engine, encoding, complex, digital, conversation, graph
-4.40678071975708	-23.728130340576172	1	decision, program, product, service, reasoning, recommendation, recognition, tree, interrelationship, engine, cognitive, network
19.931808471679688	-6.976249694824219	0	categorization, ranked, platform, organically, inference, reasoning, engine, encoding, complex, digital, conversation, graph
-14.552657127380371	-10.111367225646973	1	decision, program, product, service, reasoning, recommendation, recognition, tree, interrelationship, engine, cognitive, network
12.937213897705078	1.2196143865585327	0	categorization, ranked, platform, organically, inference, reasoning, engine, encoding, complex, digital, conversation, graph
12.600489616394043	18.96146583557129	0	categorization, ranked, platform, organically, inference, reasoning, engine, encoding, complex, digital, conversation, graph
-10.404906272888184	-16.798681259155273	1	decision, program, product, service, reasoning, recommendation, recognition, tree, interrelationship, engine, cognitive, network
11.577803611755371	25.251760482788086	0	categorization, ranked, platform, organically, inference, reasoning, engine, encoding, complex, digital, conversation, graph
5.999270439147949	23.59281349182129	0	categorization, ranked, platform, organically, inference, reasoning, engine, encoding, complex, digital, conversation, graph
-15.47756576538086	11.32589054107666	1	decision, program, product, service, reasoning, recommendation, recognition, tree, interrelationship, engine, cognitive, network
18.465383529663086	4.235487937927246	0	categorization, ranked, platform, organically, inference, reasoning, engine, encoding, complex, digital, conversation, graph
17.943660736083984	-18.5107364654541	0	categorization, ranked, platform, organically, inference, reasoning, engine, encoding, complex, digital, conversation, graph
17.184703826904297	0.610848069190979	0	categorization, ranked, platform, organically, inference, reasoning, engine, encoding, complex, digital, conversation, graph
-17.47970199584961	-5.687257289886475	1	decision, program, product, service, reasoning, recommendation, recognition, tree, interrelationship, engine, cognitive, network
-2.4463348388671875	-22.565099716186523	1	decision, program, product, service, reasoning, recommendation, recognition, tree, interrelationship, engine, cognitive, network
-27.374670028686523	10.825411796569824	1	decision, program, product, service, reasoning, recommendation, recognition, tree, interrelationship, engine, cognitive, network
16.152597427368164	5.851059913635254	0	categorization, ranked, platform, organically, inference, reasoning, engine, encoding, complex, digital, conversation, graph
13.810259819030762	12.63797664642334	0	categorization, ranked, platform, organically, inference, reasoning, engine, encoding, complex, digital, conversation, graph
-14.812146186828613	4.578224182128906	1	decision, program, product, service, reasoning, recommendation, recognition, tree, interrelationship, engine, cognitive, network
-27.740650177001953	6.720453262329102	1	decision, program, product, service, reasoning, recommendation, recognition, tree, interrelationship, engine, cognitive, network
-21.696578979492188	18.331850051879883	0	categorization, ranked, platform, organically, inference, reasoning, engine, encoding, complex, digital, conversation, graph
-2.312199592590332	-29.05758285522461	1	decision, program, product, service, reasoning, recommendation, recognition, tree, interrelationship, engine, cognitive, network
-3.8197710514068604	-27.47572135925293	1	decision, program, product, service, reasoning, recommendation, recognition, tree, interrelationship, engine, cognitive, network
18.189516067504883	0.7537897229194641	0	categorization, ranked, platform, organically, inference, reasoning, engine, encoding, complex, digital, conversation, graph
-15.973658561706543	9.584110260009766	1	decision, program, product, service, reasoning, recommendation, recognition, tree, interrelationship, engine, cognitive, network
5.863156318664551	22.872760772705078	0	categorization, ranked, platform, organically, inference, reasoning, engine, encoding, complex, digital, conversation, graph
-23.387208938598633	4.525256633758545	1	decision, program, product, service, reasoning, recommendation, recognition, tree, interrelationship, engine, cognitive, network
-10.109793663024902	-14.127031326293945	1	decision, program, product, service, reasoning, recommendation, recognition, tree, interrelationship, engine, cognitive, network
13.569531440734863	25.34898567199707	0	categorization, ranked, platform, organically, inference, reasoning, engine, encoding, complex, digital, conversation, graph
-17.066940307617188	-0.4745836555957794	1	decision, program, product, service, reasoning, recommendation, recognition, tree, interrelationship, engine, cognitive, network
-5.680832386016846	-21.838733673095703	1	decision, program, product, service, reasoning, recommendation, recognition, tree, interrelationship, engine, cognitive, network
-16.924070358276367	-3.7208454608917236	1	decision, program, product, service, reasoning, recommendation, recognition, tree, interrelationship, engine, cognitive, network
-16.654211044311523	9.104987144470215	1	decision, program, product, service, reasoning, recommendation, recognition, tree, interrelationship, engine, cognitive, network
1.2890366315841675	-34.51559829711914	1	decision, program, product, service, reasoning, recommendation, recognition, tree, interrelationship, engine, cognitive, network
-18.716920852661133	-1.0538994073867798	1	decision, program, product, service, reasoning, recommendation, recognition, tree, interrelationship, engine, cognitive, network
10.820869445800781	15.261469841003418	0	categorization, ranked, platform, organically, inference, reasoning, engine, encoding, complex, digital, conversation, graph
19.16685676574707	-5.631474018096924	0	categorization, ranked, platform, organically, inference, reasoning, engine, encoding, complex, digital, conversation, graph
18.282243728637695	7.3628740310668945	0	categorization, ranked, platform, organically, inference, reasoning, engine, encoding, complex, digital, conversation, graph
8.437792778015137	25.8753719329834	0	categorization, ranked, platform, organically, inference, reasoning, engine, encoding, complex, digital, conversation, graph
9.789508819580078	22.24015998840332	0	categorization, ranked, platform, organically, inference, reasoning, engine, encoding, complex, digital, conversation, graph
-20.356616973876953	1.8156064748764038	1	decision, program, product, service, reasoning, recommendation, recognition, tree, interrelationship, engine, cognitive, network
-7.281118392944336	-19.814502716064453	1	decision, program, product, service, reasoning, recommendation, recognition, tree, interrelationship, engine, cognitive, network
-22.083023071289062	1.312929630279541	1	decision, program, product, service, reasoning, recommendation, recognition, tree, interrelationship, engine, cognitive, network
-3.329575538635254	-29.459335327148438	1	decision, program, product, service, reasoning, recommendation, recognition, tree, interrelationship, engine, cognitive, network
-27.474132537841797	11.438011169433594	1	decision, program, product, service, reasoning, recommendation, recognition, tree, interrelationship, engine, cognitive, network
-19.665035247802734	12.468925476074219	1	decision, program, product, service, reasoning, recommendation, recognition, tree, interrelationship, engine, cognitive, network
7.858343601226807	29.26568603515625	0	categorization, ranked, platform, organically, inference, reasoning, engine, encoding, complex, digital, conversation, graph
13.045701026916504	25.9210205078125	0	categorization, ranked, platform, organically, inference, reasoning, engine, encoding, complex, digital, conversation, graph
20.79066276550293	3.170894145965576	0	categorization, ranked, platform, organically, inference, reasoning, engine, encoding, complex, digital, conversation, graph
6.9306182861328125	20.5006046295166	0	categorization, ranked, platform, organically, inference, reasoning, engine, encoding, complex, digital, conversation, graph
-16.75103187561035	10.313758850097656	1	decision, program, product, service, reasoning, recommendation, recognition, tree, interrelationship, engine, cognitive, network
-4.547353267669678	8.893739700317383	0	categorization, ranked, platform, organically, inference, reasoning, engine, encoding, complex, digital, conversation, graph
-19.777446746826172	13.338805198669434	1	decision, program, product, service, reasoning, recommendation, recognition, tree, interrelationship, engine, cognitive, network
20.23394203186035	-14.30880355834961	0	categorization, ranked, platform, organically, inference, reasoning, engine, encoding, complex, digital, conversation, graph
-2.97800874710083	-25.945466995239258	1	decision, program, product, service, reasoning, recommendation, recognition, tree, interrelationship, engine, cognitive, network
5.63417911529541	-13.701312065124512	1	decision, program, product, service, reasoning, recommendation, recognition, tree, interrelationship, engine, cognitive, network
15.672143936157227	24.424415588378906	0	categorization, ranked, platform, organically, inference, reasoning, engine, encoding, complex, digital, conversation, graph
7.5438361167907715	21.379297256469727	0	categorization, ranked, platform, organically, inference, reasoning, engine, encoding, complex, digital, conversation, graph
-10.678847312927246	-14.951629638671875	1	decision, program, product, service, reasoning, recommendation, recognition, tree, interrelationship, engine, cognitive, network
-22.550981521606445	13.983959197998047	1	decision, program, product, service, reasoning, recommendation, recognition, tree, interrelationship, engine, cognitive, network
-3.026615619659424	-27.88390350341797	1	decision, program, product, service, reasoning, recommendation, recognition, tree, interrelationship, engine, cognitive, network
-21.315622329711914	2.8097493648529053	1	decision, program, product, service, reasoning, recommendation, recognition, tree, interrelationship, engine, cognitive, network
12.704288482666016	21.422481536865234	0	categorization, ranked, platform, organically, inference, reasoning, engine, encoding, complex, digital, conversation, graph
21.590551376342773	-6.230626583099365	0	categorization, ranked, platform, organically, inference, reasoning, engine, encoding, complex, digital, conversation, graph
20.05588722229004	-12.498291969299316	0	categorization, ranked, platform, organically, inference, reasoning, engine, encoding, complex, digital, conversation, graph
-21.73147964477539	3.5529308319091797	1	decision, program, product, service, reasoning, recommendation, recognition, tree, interrelationship, engine, cognitive, network
-13.950791358947754	10.73909854888916	1	decision, program, product, service, reasoning, recommendation, recognition, tree, interrelationship, engine, cognitive, network
10.413817405700684	-16.150653839111328	1	decision, program, product, service, reasoning, recommendation, recognition, tree, interrelationship, engine, cognitive, network
-11.689680099487305	-10.915884971618652	1	decision, program, product, service, reasoning, recommendation, recognition, tree, interrelationship, engine, cognitive, network
-3.9650862216949463	-24.8807315826416	1	decision, program, product, service, reasoning, recommendation, recognition, tree, interrelationship, engine, cognitive, network
15.607780456542969	14.67371940612793	0	categorization, ranked, platform, organically, inference, reasoning, engine, encoding, complex, digital, conversation, graph
-21.398035049438477	0.1485603153705597	1	decision, program, product, service, reasoning, recommendation, recognition, tree, interrelationship, engine, cognitive, network
-6.55530309677124	7.741271495819092	1	decision, program, product, service, reasoning, recommendation, recognition, tree, interrelationship, engine, cognitive, network
20.10909080505371	5.825797080993652	0	categorization, ranked, platform, organically, inference, reasoning, engine, encoding, complex, digital, conversation, graph
5.185085773468018	26.934890747070312	0	categorization, ranked, platform, organically, inference, reasoning, engine, encoding, complex, digital, conversation, graph
-15.619659423828125	6.869799613952637	1	decision, program, product, service, reasoning, recommendation, recognition, tree, interrelationship, engine, cognitive, network
-5.936236381530762	-19.08191680908203	1	decision, program, product, service, reasoning, recommendation, recognition, tree, interrelationship, engine, cognitive, network
-11.135007858276367	-15.4213285446167	1	decision, program, product, service, reasoning, recommendation, recognition, tree, interrelationship, engine, cognitive, network
-28.823450088500977	8.888894081115723	1	decision, program, product, service, reasoning, recommendation, recognition, tree, interrelationship, engine, cognitive, network
20.078121185302734	-15.001794815063477	0	categorization, ranked, platform, organically, inference, reasoning, engine, encoding, complex, digital, conversation, graph
-14.885210037231445	-6.664341926574707	1	decision, program, product, service, reasoning, recommendation, recognition, tree, interrelationship, engine, cognitive, network
-6.398438930511475	-24.5346736907959	1	decision, program, product, service, reasoning, recommendation, recognition, tree, interrelationship, engine, cognitive, network
7.396315097808838	29.628433227539062	0	categorization, ranked, platform, organically, inference, reasoning, engine, encoding, complex, digital, conversation, graph
-7.259120941162109	-18.178165435791016	1	decision, program, product, service, reasoning, recommendation, recognition, tree, interrelationship, engine, cognitive, network
-3.4958226680755615	-28.827667236328125	1	decision, program, product, service, reasoning, recommendation, recognition, tree, interrelationship, engine, cognitive, network
11.041940689086914	8.647483825683594	0	categorization, ranked, platform, organically, inference, reasoning, engine, encoding, complex, digital, conversation, graph
-20.583396911621094	10.527193069458008	1	decision, program, product, service, reasoning, recommendation, recognition, tree, interrelationship, engine, cognitive, network
15.47802448272705	5.681764125823975	0	categorization, ranked, platform, organically, inference, reasoning, engine, encoding, complex, digital, conversation, graph
-10.0366849899292	-11.012198448181152	1	decision, program, product, service, reasoning, recommendation, recognition, tree, interrelationship, engine, cognitive, network
-4.742717266082764	7.484474182128906	1	decision, program, product, service, reasoning, recommendation, recognition, tree, interrelationship, engine, cognitive, network
15.07144546508789	13.652602195739746	0	categorization, ranked, platform, organically, inference, reasoning, engine, encoding, complex, digital, conversation, graph
20.45528221130371	-5.068206787109375	0	categorization, ranked, platform, organically, inference, reasoning, engine, encoding, complex, digital, conversation, graph
17.113201141357422	1.6845688819885254	0	categorization, ranked, platform, organically, inference, reasoning, engine, encoding, complex, digital, conversation, graph
14.862728118896484	16.402732849121094	0	categorization, ranked, platform, organically, inference, reasoning, engine, encoding, complex, digital, conversation, graph
11.840371131896973	-1.1077524423599243	0	categorization, ranked, platform, organically, inference, reasoning, engine, encoding, complex, digital, conversation, graph
14.762775421142578	19.968029022216797	0	categorization, ranked, platform, organically, inference, reasoning, engine, encoding, complex, digital, conversation, graph
-15.091554641723633	-8.578579902648926	1	decision, program, product, service, reasoning, recommendation, recognition, tree, interrelationship, engine, cognitive, network
20.305002212524414	-10.079057693481445	0	categorization, ranked, platform, organically, inference, reasoning, engine, encoding, complex, digital, conversation, graph
-15.845292091369629	-5.619967937469482	1	decision, program, product, service, reasoning, recommendation, recognition, tree, interrelationship, engine, cognitive, network
-16.39110565185547	-0.7692448496818542	1	decision, program, product, service, reasoning, recommendation, recognition, tree, interrelationship, engine, cognitive, network
-6.310544013977051	-23.323583602905273	1	decision, program, product, service, reasoning, recommendation, recognition, tree, interrelationship, engine, cognitive, network
-15.764496803283691	2.9133431911468506	1	decision, program, product, service, reasoning, recommendation, recognition, tree, interrelationship, engine, cognitive, network
-13.135348320007324	7.101311206817627	1	decision, program, product, service, reasoning, recommendation, recognition, tree, interrelationship, engine, cognitive, network
11.237360000610352	-15.024353981018066	0	categorization, ranked, platform, organically, inference, reasoning, engine, encoding, complex, digital, conversation, graph
-27.81660270690918	7.569472312927246	1	decision, program, product, service, reasoning, recommendation, recognition, tree, interrelationship, engine, cognitive, network
17.27774429321289	3.5669167041778564	0	categorization, ranked, platform, organically, inference, reasoning, engine, encoding, complex, digital, conversation, graph
15.478592872619629	10.741839408874512	0	categorization, ranked, platform, organically, inference, reasoning, engine, encoding, complex, digital, conversation, graph
-14.116788864135742	8.707076072692871	1	decision, program, product, service, reasoning, recommendation, recognition, tree, interrelationship, engine, cognitive, network
19.060916900634766	9.477147102355957	0	categorization, ranked, platform, organically, inference, reasoning, engine, encoding, complex, digital, conversation, graph
2.907479763031006	-31.836734771728516	1	decision, program, product, service, reasoning, recommendation, recognition, tree, interrelationship, engine, cognitive, network
-23.66817283630371	13.561304092407227	1	decision, program, product, service, reasoning, recommendation, recognition, tree, interrelationship, engine, cognitive, network
6.3564252853393555	26.696075439453125	0	categorization, ranked, platform, organically, inference, reasoning, engine, encoding, complex, digital, conversation, graph
10.409086227416992	24.663850784301758	0	categorization, ranked, platform, organically, inference, reasoning, engine, encoding, complex, digital, conversation, graph
-0.8892945647239685	-31.746477127075195	1	decision, program, product, service, reasoning, recommendation, recognition, tree, interrelationship, engine, cognitive, network
-5.894721508026123	7.7926201820373535	1	decision, program, product, service, reasoning, recommendation, recognition, tree, interrelationship, engine, cognitive, network
4.6413960456848145	25.809114456176758	0	categorization, ranked, platform, organically, inference, reasoning, engine, encoding, complex, digital, conversation, graph
2.3962247371673584	21.746232986450195	0	categorization, ranked, platform, organically, inference, reasoning, engine, encoding, complex, digital, conversation, graph
12.295305252075195	6.707787990570068	0	categorization, ranked, platform, organically, inference, reasoning, engine, encoding, complex, digital, conversation, graph
12.862343788146973	17.803781509399414	0	categorization, ranked, platform, organically, inference, reasoning, engine, encoding, complex, digital, conversation, graph
18.812175750732422	2.4465975761413574	0	categorization, ranked, platform, organically, inference, reasoning, engine, encoding, complex, digital, conversation, graph
16.59272575378418	2.1577470302581787	0	categorization, ranked, platform, organically, inference, reasoning, engine, encoding, complex, digital, conversation, graph
-9.606816291809082	-13.867287635803223	1	decision, program, product, service, reasoning, recommendation, recognition, tree, interrelationship, engine, cognitive, network
7.888026237487793	-13.652541160583496	1	decision, program, product, service, reasoning, recommendation, recognition, tree, interrelationship, engine, cognitive, network
-28.024097442626953	10.529077529907227	1	decision, program, product, service, reasoning, recommendation, recognition, tree, interrelationship, engine, cognitive, network
-24.34578514099121	7.858283996582031	1	decision, program, product, service, reasoning, recommendation, recognition, tree, interrelationship, engine, cognitive, network
-7.10284423828125	-22.16847038269043	1	decision, program, product, service, reasoning, recommendation, recognition, tree, interrelationship, engine, cognitive, network
-6.335867404937744	-22.548229217529297	1	decision, program, product, service, reasoning, recommendation, recognition, tree, interrelationship, engine, cognitive, network
9.900565147399902	-13.645816802978516	0	categorization, ranked, platform, organically, inference, reasoning, engine, encoding, complex, digital, conversation, graph
-16.354841232299805	5.705550670623779	1	decision, program, product, service, reasoning, recommendation, recognition, tree, interrelationship, engine, cognitive, network
-1.7885982990264893	-29.64120101928711	1	decision, program, product, service, reasoning, recommendation, recognition, tree, interrelationship, engine, cognitive, network
-17.321006774902344	9.481064796447754	1	decision, program, product, service, reasoning, recommendation, recognition, tree, interrelationship, engine, cognitive, network
-5.9635539054870605	9.103157997131348	0	categorization, ranked, platform, organically, inference, reasoning, engine, encoding, complex, digital, conversation, graph
21.23695945739746	-8.09935188293457	0	categorization, ranked, platform, organically, inference, reasoning, engine, encoding, complex, digital, conversation, graph
20.45066261291504	-8.919563293457031	0	categorization, ranked, platform, organically, inference, reasoning, engine, encoding, complex, digital, conversation, graph
15.578900337219238	15.457327842712402	0	categorization, ranked, platform, organically, inference, reasoning, engine, encoding, complex, digital, conversation, graph
18.601327896118164	-19.272138595581055	0	categorization, ranked, platform, organically, inference, reasoning, engine, encoding, complex, digital, conversation, graph
-19.064781188964844	-2.6934988498687744	1	decision, program, product, service, reasoning, recommendation, recognition, tree, interrelationship, engine, cognitive, network
21.227724075317383	2.660421133041382	0	categorization, ranked, platform, organically, inference, reasoning, engine, encoding, complex, digital, conversation, graph
-4.202955722808838	-17.47869300842285	1	decision, program, product, service, reasoning, recommendation, recognition, tree, interrelationship, engine, cognitive, network
20.9157657623291	-9.01813793182373	0	categorization, ranked, platform, organically, inference, reasoning, engine, encoding, complex, digital, conversation, graph
20.11272621154785	-10.793045997619629	0	categorization, ranked, platform, organically, inference, reasoning, engine, encoding, complex, digital, conversation, graph
-23.93274688720703	9.491070747375488	1	decision, program, product, service, reasoning, recommendation, recognition, tree, interrelationship, engine, cognitive, network
12.323206901550293	1.4746253490447998	0	categorization, ranked, platform, organically, inference, reasoning, engine, encoding, complex, digital, conversation, graph
3.969268798828125	19.35973358154297	0	categorization, ranked, platform, organically, inference, reasoning, engine, encoding, complex, digital, conversation, graph
-17.58470344543457	10.70305347442627	1	decision, program, product, service, reasoning, recommendation, recognition, tree, interrelationship, engine, cognitive, network
19.460464477539062	2.601396083831787	0	categorization, ranked, platform, organically, inference, reasoning, engine, encoding, complex, digital, conversation, graph
12.122077941894531	-13.299399375915527	0	categorization, ranked, platform, organically, inference, reasoning, engine, encoding, complex, digital, conversation, graph
-14.017723083496094	9.29116153717041	1	decision, program, product, service, reasoning, recommendation, recognition, tree, interrelationship, engine, cognitive, network
16.905353546142578	2.5465738773345947	0	categorization, ranked, platform, organically, inference, reasoning, engine, encoding, complex, digital, conversation, graph
-26.65117835998535	9.157357215881348	1	decision, program, product, service, reasoning, recommendation, recognition, tree, interrelationship, engine, cognitive, network
-20.487470626831055	3.428406000137329	1	decision, program, product, service, reasoning, recommendation, recognition, tree, interrelationship, engine, cognitive, network
16.990793228149414	14.306824684143066	0	categorization, ranked, platform, organically, inference, reasoning, engine, encoding, complex, digital, conversation, graph
-5.7647624015808105	8.145434379577637	1	decision, program, product, service, reasoning, recommendation, recognition, tree, interrelationship, engine, cognitive, network
15.28726863861084	23.45599937438965	0	categorization, ranked, platform, organically, inference, reasoning, engine, encoding, complex, digital, conversation, graph
-10.855204582214355	-17.824010848999023	1	decision, program, product, service, reasoning, recommendation, recognition, tree, interrelationship, engine, cognitive, network
18.14920425415039	-19.314172744750977	0	categorization, ranked, platform, organically, inference, reasoning, engine, encoding, complex, digital, conversation, graph
-15.289844512939453	-4.507111549377441	1	decision, program, product, service, reasoning, recommendation, recognition, tree, interrelationship, engine, cognitive, network
14.067004203796387	20.0284366607666	0	categorization, ranked, platform, organically, inference, reasoning, engine, encoding, complex, digital, conversation, graph
-24.662307739257812	15.988921165466309	1	decision, program, product, service, reasoning, recommendation, recognition, tree, interrelationship, engine, cognitive, network
2.2506089210510254	20.40377426147461	0	categorization, ranked, platform, organically, inference, reasoning, engine, encoding, complex, digital, conversation, graph
-22.66324234008789	10.855331420898438	1	decision, program, product, service, reasoning, recommendation, recognition, tree, interrelationship, engine, cognitive, network
12.843841552734375	-13.612207412719727	0	categorization, ranked, platform, organically, inference, reasoning, engine, encoding, complex, digital, conversation, graph
-10.296730995178223	-19.764135360717773	1	decision, program, product, service, reasoning, recommendation, recognition, tree, interrelationship, engine, cognitive, network
-8.764382362365723	-21.03130531311035	1	decision, program, product, service, reasoning, recommendation, recognition, tree, interrelationship, engine, cognitive, network
-18.282670974731445	12.40280532836914	1	decision, program, product, service, reasoning, recommendation, recognition, tree, interrelationship, engine, cognitive, network
-16.381662368774414	10.285587310791016	1	decision, program, product, service, reasoning, recommendation, recognition, tree, interrelationship, engine, cognitive, network
7.923571586608887	26.327091217041016	0	categorization, ranked, platform, organically, inference, reasoning, engine, encoding, complex, digital, conversation, graph
-5.070852279663086	-19.775615692138672	1	decision, program, product, service, reasoning, recommendation, recognition, tree, interrelationship, engine, cognitive, network
-2.5374481678009033	-28.28045082092285	1	decision, program, product, service, reasoning, recommendation, recognition, tree, interrelationship, engine, cognitive, network
-11.352883338928223	-13.74106502532959	1	decision, program, product, service, reasoning, recommendation, recognition, tree, interrelationship, engine, cognitive, network
-10.091145515441895	-11.622349739074707	1	decision, program, product, service, reasoning, recommendation, recognition, tree, interrelationship, engine, cognitive, network
-14.231839179992676	14.128815650939941	0	categorization, ranked, platform, organically, inference, reasoning, engine, encoding, complex, digital, conversation, graph
-17.31880760192871	3.5456111431121826	1	decision, program, product, service, reasoning, recommendation, recognition, tree, interrelationship, engine, cognitive, network
10.451276779174805	26.35773468017578	0	categorization, ranked, platform, organically, inference, reasoning, engine, encoding, complex, digital, conversation, graph
15.125134468078613	10.368340492248535	0	categorization, ranked, platform, organically, inference, reasoning, engine, encoding, complex, digital, conversation, graph
18.09853172302246	12.839489936828613	0	categorization, ranked, platform, organically, inference, reasoning, engine, encoding, complex, digital, conversation, graph
8.897687911987305	-13.10433578491211	0	categorization, ranked, platform, organically, inference, reasoning, engine, encoding, complex, digital, conversation, graph
4.21534538269043	-35.254398345947266	1	decision, program, product, service, reasoning, recommendation, recognition, tree, interrelationship, engine, cognitive, network
16.849950790405273	17.27582359313965	0	categorization, ranked, platform, organically, inference, reasoning, engine, encoding, complex, digital, conversation, graph
-2.322624921798706	-30.67320442199707	1	decision, program, product, service, reasoning, recommendation, recognition, tree, interrelationship, engine, cognitive, network
4.47160005569458	-35.25225830078125	1	decision, program, product, service, reasoning, recommendation, recognition, tree, interrelationship, engine, cognitive, network
16.05994415283203	23.748430252075195	0	categorization, ranked, platform, organically, inference, reasoning, engine, encoding, complex, digital, conversation, graph
8.311948776245117	19.4796199798584	0	categorization, ranked, platform, organically, inference, reasoning, engine, encoding, complex, digital, conversation, graph
-5.390876770019531	-21.11492156982422	1	decision, program, product, service, reasoning, recommendation, recognition, tree, interrelationship, engine, cognitive, network
7.290508270263672	25.82967758178711	0	categorization, ranked, platform, organically, inference, reasoning, engine, encoding, complex, digital, conversation, graph
-15.405878067016602	-6.945499420166016	1	decision, program, product, service, reasoning, recommendation, recognition, tree, interrelationship, engine, cognitive, network
11.484212875366211	19.1898136138916	0	categorization, ranked, platform, organically, inference, reasoning, engine, encoding, complex, digital, conversation, graph
14.965024948120117	25.558446884155273	0	categorization, ranked, platform, organically, inference, reasoning, engine, encoding, complex, digital, conversation, graph
-11.93063735961914	-13.52782917022705	1	decision, program, product, service, reasoning, recommendation, recognition, tree, interrelationship, engine, cognitive, network
5.8910417556762695	26.43927001953125	0	categorization, ranked, platform, organically, inference, reasoning, engine, encoding, complex, digital, conversation, graph
19.418743133544922	7.448071479797363	0	categorization, ranked, platform, organically, inference, reasoning, engine, encoding, complex, digital, conversation, graph
1.121873378753662	-33.53894805908203	1	decision, program, product, service, reasoning, recommendation, recognition, tree, interrelationship, engine, cognitive, network
-20.789079666137695	13.678719520568848	1	decision, program, product, service, reasoning, recommendation, recognition, tree, interrelationship, engine, cognitive, network
-27.190881729125977	4.621087074279785	1	decision, program, product, service, reasoning, recommendation, recognition, tree, interrelationship, engine, cognitive, network
14.864787101745605	24.78829002380371	0	categorization, ranked, platform, organically, inference, reasoning, engine, encoding, complex, digital, conversation, graph
6.539781093597412	24.334613800048828	0	categorization, ranked, platform, organically, inference, reasoning, engine, encoding, complex, digital, conversation, graph
18.255165100097656	-19.583158493041992	0	categorization, ranked, platform, organically, inference, reasoning, engine, encoding, complex, digital, conversation, graph
22.55255126953125	-8.207502365112305	0	categorization, ranked, platform, organically, inference, reasoning, engine, encoding, complex, digital, conversation, graph
-23.277250289916992	18.15519905090332	0	categorization, ranked, platform, organically, inference, reasoning, engine, encoding, complex, digital, conversation, graph
-1.3817728757858276	-30.869417190551758	1	decision, program, product, service, reasoning, recommendation, recognition, tree, interrelationship, engine, cognitive, network
14.31174087524414	16.215818405151367	0	categorization, ranked, platform, organically, inference, reasoning, engine, encoding, complex, digital, conversation, graph
10.916489601135254	7.6633758544921875	0	categorization, ranked, platform, organically, inference, reasoning, engine, encoding, complex, digital, conversation, graph
16.440956115722656	21.22021484375	0	categorization, ranked, platform, organically, inference, reasoning, engine, encoding, complex, digital, conversation, graph
-27.048057556152344	12.524130821228027	1	decision, program, product, service, reasoning, recommendation, recognition, tree, interrelationship, engine, cognitive, network
13.786264419555664	-18.0662784576416	0	categorization, ranked, platform, organically, inference, reasoning, engine, encoding, complex, digital, conversation, graph
2.0674126148223877	-34.99378967285156	1	decision, program, product, service, reasoning, recommendation, recognition, tree, interrelationship, engine, cognitive, network
-23.279911041259766	1.8843493461608887	1	decision, program, product, service, reasoning, recommendation, recognition, tree, interrelationship, engine, cognitive, network
2.707860231399536	-34.7703857421875	1	decision, program, product, service, reasoning, recommendation, recognition, tree, interrelationship, engine, cognitive, network
-26.593936920166016	7.280282974243164	1	decision, program, product, service, reasoning, recommendation, recognition, tree, interrelationship, engine, cognitive, network
-23.924062728881836	5.336933612823486	1	decision, program, product, service, reasoning, recommendation, recognition, tree, interrelationship, engine, cognitive, network
6.315932273864746	20.0363826751709	0	categorization, ranked, platform, organically, inference, reasoning, engine, encoding, complex, digital, conversation, graph
-12.814709663391113	-14.01261043548584	1	decision, program, product, service, reasoning, recommendation, recognition, tree, interrelationship, engine, cognitive, network
11.96562671661377	-0.0440911166369915	0	categorization, ranked, platform, organically, inference, reasoning, engine, encoding, complex, digital, conversation, graph
-19.19403648376465	2.728747844696045	1	decision, program, product, service, reasoning, recommendation, recognition, tree, interrelationship, engine, cognitive, network
-16.28516387939453	-3.6953072547912598	1	decision, program, product, service, reasoning, recommendation, recognition, tree, interrelationship, engine, cognitive, network
20.988727569580078	-12.285196304321289	0	categorization, ranked, platform, organically, inference, reasoning, engine, encoding, complex, digital, conversation, graph
16.670955657958984	-13.035943031311035	0	categorization, ranked, platform, organically, inference, reasoning, engine, encoding, complex, digital, conversation, graph
-5.367977619171143	-26.225135803222656	1	decision, program, product, service, reasoning, recommendation, recognition, tree, interrelationship, engine, cognitive, network
12.868226051330566	20.31633186340332	0	categorization, ranked, platform, organically, inference, reasoning, engine, encoding, complex, digital, conversation, graph
-15.977837562561035	6.136977195739746	1	decision, program, product, service, reasoning, recommendation, recognition, tree, interrelationship, engine, cognitive, network
-15.606234550476074	0.11296727508306503	1	decision, program, product, service, reasoning, recommendation, recognition, tree, interrelationship, engine, cognitive, network
-23.745059967041016	15.923237800598145	1	decision, program, product, service, reasoning, recommendation, recognition, tree, interrelationship, engine, cognitive, network
-20.95424461364746	1.1910974979400635	1	decision, program, product, service, reasoning, recommendation, recognition, tree, interrelationship, engine, cognitive, network
-14.061422348022461	-11.536076545715332	1	decision, program, product, service, reasoning, recommendation, recognition, tree, interrelationship, engine, cognitive, network
-9.661412239074707	-21.099740982055664	1	decision, program, product, service, reasoning, recommendation, recognition, tree, interrelationship, engine, cognitive, network
1.7080674171447754	-33.03352737426758	1	decision, program, product, service, reasoning, recommendation, recognition, tree, interrelationship, engine, cognitive, network
17.533533096313477	18.723325729370117	0	categorization, ranked, platform, organically, inference, reasoning, engine, encoding, complex, digital, conversation, graph
19.218679428100586	3.279191493988037	0	categorization, ranked, platform, organically, inference, reasoning, engine, encoding, complex, digital, conversation, graph
-17.687227249145508	-7.230133533477783	1	decision, program, product, service, reasoning, recommendation, recognition, tree, interrelationship, engine, cognitive, network
20.523109436035156	-15.093976974487305	0	categorization, ranked, platform, organically, inference, reasoning, engine, encoding, complex, digital, conversation, graph
12.73918342590332	13.404252052307129	0	categorization, ranked, platform, organically, inference, reasoning, engine, encoding, complex, digital, conversation, graph
18.379192352294922	11.513107299804688	0	categorization, ranked, platform, organically, inference, reasoning, engine, encoding, complex, digital, conversation, graph
20.958477020263672	-3.763591766357422	0	categorization, ranked, platform, organically, inference, reasoning, engine, encoding, complex, digital, conversation, graph
10.178102493286133	25.449445724487305	0	categorization, ranked, platform, organically, inference, reasoning, engine, encoding, complex, digital, conversation, graph
19.115825653076172	-4.484416484832764	0	categorization, ranked, platform, organically, inference, reasoning, engine, encoding, complex, digital, conversation, graph
3.032036542892456	19.3242130279541	0	categorization, ranked, platform, organically, inference, reasoning, engine, encoding, complex, digital, conversation, graph
1.112184762954712	21.04925537109375	0	categorization, ranked, platform, organically, inference, reasoning, engine, encoding, complex, digital, conversation, graph
14.805435180664062	1.5245856046676636	0	categorization, ranked, platform, organically, inference, reasoning, engine, encoding, complex, digital, conversation, graph
-25.924209594726562	14.28037166595459	1	decision, program, product, service, reasoning, recommendation, recognition, tree, interrelationship, engine, cognitive, network
12.311946868896484	15.380566596984863	0	categorization, ranked, platform, organically, inference, reasoning, engine, encoding, complex, digital, conversation, graph
-2.883971929550171	-26.50998878479004	1	decision, program, product, service, reasoning, recommendation, recognition, tree, interrelationship, engine, cognitive, network
19.790180206298828	-11.520130157470703	0	categorization, ranked, platform, organically, inference, reasoning, engine, encoding, complex, digital, conversation, graph
-19.400367736816406	16.264814376831055	1	decision, program, product, service, reasoning, recommendation, recognition, tree, interrelationship, engine, cognitive, network
-16.51898956298828	3.105287551879883	1	decision, program, product, service, reasoning, recommendation, recognition, tree, interrelationship, engine, cognitive, network
-16.793800354003906	6.426368713378906	1	decision, program, product, service, reasoning, recommendation, recognition, tree, interrelationship, engine, cognitive, network
-2.9162237644195557	-30.898035049438477	1	decision, program, product, service, reasoning, recommendation, recognition, tree, interrelationship, engine, cognitive, network
12.081430435180664	22.243528366088867	0	categorization, ranked, platform, organically, inference, reasoning, engine, encoding, complex, digital, conversation, graph
-17.1331787109375	-14.130684852600098	0	categorization, ranked, platform, organically, inference, reasoning, engine, encoding, complex, digital, conversation, graph
-3.7983663082122803	6.783177375793457	0	categorization, ranked, platform, organically, inference, reasoning, engine, encoding, complex, digital, conversation, graph
-0.1674726903438568	-29.074209213256836	1	decision, program, product, service, reasoning, recommendation, recognition, tree, interrelationship, engine, cognitive, network
14.883740425109863	12.747451782226562	0	categorization, ranked, platform, organically, inference, reasoning, engine, encoding, complex, digital, conversation, graph
10.879802703857422	-1.3849791288375854	0	categorization, ranked, platform, organically, inference, reasoning, engine, encoding, complex, digital, conversation, graph
-5.5262579917907715	9.187954902648926	0	categorization, ranked, platform, organically, inference, reasoning, engine, encoding, complex, digital, conversation, graph
-26.359804153442383	3.7249786853790283	1	decision, program, product, service, reasoning, recommendation, recognition, tree, interrelationship, engine, cognitive, network
3.1477978229522705	-35.08352279663086	1	decision, program, product, service, reasoning, recommendation, recognition, tree, interrelationship, engine, cognitive, network
-21.872068405151367	11.988487243652344	1	decision, program, product, service, reasoning, recommendation, recognition, tree, interrelationship, engine, cognitive, network
9.768139839172363	-12.007964134216309	0	categorization, ranked, platform, organically, inference, reasoning, engine, encoding, complex, digital, conversation, graph
14.814329147338867	11.92642593383789	0	categorization, ranked, platform, organically, inference, reasoning, engine, encoding, complex, digital, conversation, graph
21.0225772857666	-10.443745613098145	0	categorization, ranked, platform, organically, inference, reasoning, engine, encoding, complex, digital, conversation, graph
6.527383804321289	27.44275665283203	0	categorization, ranked, platform, organically, inference, reasoning, engine, encoding, complex, digital, conversation, graph
7.239100933074951	19.342477798461914	0	categorization, ranked, platform, organically, inference, reasoning, engine, encoding, complex, digital, conversation, graph
-3.621011972427368	-17.78476905822754	1	decision, program, product, service, reasoning, recommendation, recognition, tree, interrelationship, engine, cognitive, network
-2.7942867279052734	-19.912866592407227	1	decision, program, product, service, reasoning, recommendation, recognition, tree, interrelationship, engine, cognitive, network
18.177310943603516	-0.42096152901649475	0	categorization, ranked, platform, organically, inference, reasoning, engine, encoding, complex, digital, conversation, graph
-5.585336208343506	-24.81214714050293	1	decision, program, product, service, reasoning, recommendation, recognition, tree, interrelationship, engine, cognitive, network
2.0752506256103516	-31.529077529907227	1	decision, program, product, service, reasoning, recommendation, recognition, tree, interrelationship, engine, cognitive, network
-9.424721717834473	-10.974109649658203	1	decision, program, product, service, reasoning, recommendation, recognition, tree, interrelationship, engine, cognitive, network
13.12441635131836	-4.174190998077393	0	categorization, ranked, platform, organically, inference, reasoning, engine, encoding, complex, digital, conversation, graph
-17.238414764404297	12.321521759033203	1	decision, program, product, service, reasoning, recommendation, recognition, tree, interrelationship, engine, cognitive, network
-5.010382175445557	7.399336814880371	1	decision, program, product, service, reasoning, recommendation, recognition, tree, interrelationship, engine, cognitive, network
-5.839749813079834	-24.24337387084961	1	decision, program, product, service, reasoning, recommendation, recognition, tree, interrelationship, engine, cognitive, network
-22.028718948364258	15.851293563842773	1	decision, program, product, service, reasoning, recommendation, recognition, tree, interrelationship, engine, cognitive, network
-26.420133590698242	7.741923809051514	1	decision, program, product, service, reasoning, recommendation, recognition, tree, interrelationship, engine, cognitive, network
14.966115951538086	6.816276550292969	0	categorization, ranked, platform, organically, inference, reasoning, engine, encoding, complex, digital, conversation, graph
0.9983260631561279	-32.8890266418457	1	decision, program, product, service, reasoning, recommendation, recognition, tree, interrelationship, engine, cognitive, network
1.7280011177062988	19.871257781982422	0	categorization, ranked, platform, organically, inference, reasoning, engine, encoding, complex, digital, conversation, graph
21.719017028808594	-2.7990643978118896	0	categorization, ranked, platform, organically, inference, reasoning, engine, encoding, complex, digital, conversation, graph
19.977724075317383	-8.718816757202148	0	categorization, ranked, platform, organically, inference, reasoning, engine, encoding, complex, digital, conversation, graph
19.189895629882812	-13.811152458190918	0	categorization, ranked, platform, organically, inference, reasoning, engine, encoding, complex, digital, conversation, graph
-23.371315002441406	9.910918235778809	1	decision, program, product, service, reasoning, recommendation, recognition, tree, interrelationship, engine, cognitive, network
21.03778076171875	-6.700344085693359	0	categorization, ranked, platform, organically, inference, reasoning, engine, encoding, complex, digital, conversation, graph
16.678815841674805	0.20332583785057068	0	categorization, ranked, platform, organically, inference, reasoning, engine, encoding, complex, digital, conversation, graph
14.86658000946045	24.196773529052734	0	categorization, ranked, platform, organically, inference, reasoning, engine, encoding, complex, digital, conversation, graph
-27.357738494873047	8.378092765808105	1	decision, program, product, service, reasoning, recommendation, recognition, tree, interrelationship, engine, cognitive, network
-20.947368621826172	11.446069717407227	1	decision, program, product, service, reasoning, recommendation, recognition, tree, interrelationship, engine, cognitive, network
6.859710693359375	18.638689041137695	0	categorization, ranked, platform, organically, inference, reasoning, engine, encoding, complex, digital, conversation, graph
7.039800643920898	26.302038192749023	0	categorization, ranked, platform, organically, inference, reasoning, engine, encoding, complex, digital, conversation, graph
7.6457390785217285	24.051658630371094	0	categorization, ranked, platform, organically, inference, reasoning, engine, encoding, complex, digital, conversation, graph
-21.369028091430664	16.936941146850586	1	decision, program, product, service, reasoning, recommendation, recognition, tree, interrelationship, engine, cognitive, network
12.741509437561035	-14.211865425109863	0	categorization, ranked, platform, organically, inference, reasoning, engine, encoding, complex, digital, conversation, graph
0.038704097270965576	20.186782836914062	0	categorization, ranked, platform, organically, inference, reasoning, engine, encoding, complex, digital, conversation, graph
8.811352729797363	20.637149810791016	0	categorization, ranked, platform, organically, inference, reasoning, engine, encoding, complex, digital, conversation, graph
-23.632112503051758	8.729601860046387	1	decision, program, product, service, reasoning, recommendation, recognition, tree, interrelationship, engine, cognitive, network
-9.949806213378906	-16.02324867248535	1	decision, program, product, service, reasoning, recommendation, recognition, tree, interrelationship, engine, cognitive, network
21.519392013549805	-9.923752784729004	0	categorization, ranked, platform, organically, inference, reasoning, engine, encoding, complex, digital, conversation, graph
-12.341203689575195	-14.805147171020508	1	decision, program, product, service, reasoning, recommendation, recognition, tree, interrelationship, engine, cognitive, network
-22.29789924621582	5.879847526550293	1	decision, program, product, service, reasoning, recommendation, recognition, tree, interrelationship, engine, cognitive, network
15.8289155960083	6.8624749183654785	0	categorization, ranked, platform, organically, inference, reasoning, engine, encoding, complex, digital, conversation, graph
-28.35040855407715	7.083455562591553	1	decision, program, product, service, reasoning, recommendation, recognition, tree, interrelationship, engine, cognitive, network
4.526193618774414	18.951887130737305	0	categorization, ranked, platform, organically, inference, reasoning, engine, encoding, complex, digital, conversation, graph
12.624958038330078	-3.9540059566497803	0	categorization, ranked, platform, organically, inference, reasoning, engine, encoding, complex, digital, conversation, graph
3.913963556289673	21.75957489013672	0	categorization, ranked, platform, organically, inference, reasoning, engine, encoding, complex, digital, conversation, graph
15.852810859680176	22.939062118530273	0	categorization, ranked, platform, organically, inference, reasoning, engine, encoding, complex, digital, conversation, graph
15.303732872009277	21.662290573120117	0	categorization, ranked, platform, organically, inference, reasoning, engine, encoding, complex, digital, conversation, graph
22.268314361572266	-1.9692342281341553	0	categorization, ranked, platform, organically, inference, reasoning, engine, encoding, complex, digital, conversation, graph
-16.705852508544922	-2.668250322341919	1	decision, program, product, service, reasoning, recommendation, recognition, tree, interrelationship, engine, cognitive, network
-23.57193946838379	11.672588348388672	1	decision, program, product, service, reasoning, recommendation, recognition, tree, interrelationship, engine, cognitive, network
-17.52033233642578	4.703262805938721	1	decision, program, product, service, reasoning, recommendation, recognition, tree, interrelationship, engine, cognitive, network
7.58626651763916	24.374004364013672	0	categorization, ranked, platform, organically, inference, reasoning, engine, encoding, complex, digital, conversation, graph
-2.759592294692993	-29.56599998474121	1	decision, program, product, service, reasoning, recommendation, recognition, tree, interrelationship, engine, cognitive, network
-23.15478515625	7.691013813018799	1	decision, program, product, service, reasoning, recommendation, recognition, tree, interrelationship, engine, cognitive, network
10.271208763122559	19.10737419128418	0	categorization, ranked, platform, organically, inference, reasoning, engine, encoding, complex, digital, conversation, graph
16.2729434967041	20.22871208190918	0	categorization, ranked, platform, organically, inference, reasoning, engine, encoding, complex, digital, conversation, graph
21.1951904296875	-4.980672836303711	0	categorization, ranked, platform, organically, inference, reasoning, engine, encoding, complex, digital, conversation, graph
1.746606707572937	-34.52875518798828	1	decision, program, product, service, reasoning, recommendation, recognition, tree, interrelationship, engine, cognitive, network
11.66684627532959	15.854897499084473	0	categorization, ranked, platform, organically, inference, reasoning, engine, encoding, complex, digital, conversation, graph
10.730938911437988	14.283658027648926	0	categorization, ranked, platform, organically, inference, reasoning, engine, encoding, complex, digital, conversation, graph
21.49370765686035	-7.58050012588501	0	categorization, ranked, platform, organically, inference, reasoning, engine, encoding, complex, digital, conversation, graph
6.4546284675598145	28.381694793701172	0	categorization, ranked, platform, organically, inference, reasoning, engine, encoding, complex, digital, conversation, graph
-1.0961226224899292	-30.42597198486328	1	decision, program, product, service, reasoning, recommendation, recognition, tree, interrelationship, engine, cognitive, network
16.32061195373535	24.5604248046875	0	categorization, ranked, platform, organically, inference, reasoning, engine, encoding, complex, digital, conversation, graph
6.110702991485596	21.139225006103516	0	categorization, ranked, platform, organically, inference, reasoning, engine, encoding, complex, digital, conversation, graph
-5.932154655456543	-18.54470443725586	1	decision, program, product, service, reasoning, recommendation, recognition, tree, interrelationship, engine, cognitive, network
20.21337127685547	1.7100294828414917	0	categorization, ranked, platform, organically, inference, reasoning, engine, encoding, complex, digital, conversation, graph
12.351243019104004	24.572519302368164	0	categorization, ranked, platform, organically, inference, reasoning, engine, encoding, complex, digital, conversation, graph
-17.54762840270996	0.11864902079105377	1	decision, program, product, service, reasoning, recommendation, recognition, tree, interrelationship, engine, cognitive, network
13.37965202331543	-13.814891815185547	0	categorization, ranked, platform, organically, inference, reasoning, engine, encoding, complex, digital, conversation, graph
12.258907318115234	24.87771987915039	0	categorization, ranked, platform, organically, inference, reasoning, engine, encoding, complex, digital, conversation, graph
8.47900390625	23.95415496826172	0	categorization, ranked, platform, organically, inference, reasoning, engine, encoding, complex, digital, conversation, graph
-25.25902557373047	7.646141052246094	1	decision, program, product, service, reasoning, recommendation, recognition, tree, interrelationship, engine, cognitive, network
-4.807410717010498	8.423563003540039	0	categorization, ranked, platform, organically, inference, reasoning, engine, encoding, complex, digital, conversation, graph
-9.173418045043945	-19.425731658935547	1	decision, program, product, service, reasoning, recommendation, recognition, tree, interrelationship, engine, cognitive, network
-16.65720558166504	11.642355918884277	1	decision, program, product, service, reasoning, recommendation, recognition, tree, interrelationship, engine, cognitive, network
-10.637935638427734	-13.668156623840332	1	decision, program, product, service, reasoning, recommendation, recognition, tree, interrelationship, engine, cognitive, network
-28.408973693847656	11.43675422668457	1	decision, program, product, service, reasoning, recommendation, recognition, tree, interrelationship, engine, cognitive, network
-11.596595764160156	-14.510416984558105	1	decision, program, product, service, reasoning, recommendation, recognition, tree, interrelationship, engine, cognitive, network
6.852597236633301	28.868125915527344	0	categorization, ranked, platform, organically, inference, reasoning, engine, encoding, complex, digital, conversation, graph
-12.201355934143066	-12.057428359985352	1	decision, program, product, service, reasoning, recommendation, recognition, tree, interrelationship, engine, cognitive, network
12.945670127868652	18.546825408935547	0	categorization, ranked, platform, organically, inference, reasoning, engine, encoding, complex, digital, conversation, graph
-21.372817993164062	15.49614429473877	1	decision, program, product, service, reasoning, recommendation, recognition, tree, interrelationship, engine, cognitive, network
-3.6795101165771484	-29.945404052734375	1	decision, program, product, service, reasoning, recommendation, recognition, tree, interrelationship, engine, cognitive, network
9.497312545776367	20.441194534301758	0	categorization, ranked, platform, organically, inference, reasoning, engine, encoding, complex, digital, conversation, graph
-14.277127265930176	-7.10405969619751	1	decision, program, product, service, reasoning, recommendation, recognition, tree, interrelationship, engine, cognitive, network
-15.174524307250977	-9.83621883392334	1	decision, program, product, service, reasoning, recommendation, recognition, tree, interrelationship, engine, cognitive, network
